rank,code,country,value,year
1,USA,United States,3.23839E+13,2026
2,CHN,China,2.08516E+13,2026
3,DEU,Germany,5.45286E+12,2026
4,JPN,Japan,4.37925E+12,2026
5,GBR,United Kingdom,4.26479E+12,2026
6,IND,India,4.15319E+12,2026
7,FRA,France,3.59609E+12,2026
8,ITA,Italy,2.73816E+12,2026
9,RUS,Russian Federation,2.65645E+12,2026
10,BRA,Brazil,2.63591E+12,2026
11,CAN,Canada,2.50734E+12,2026
12,AUS,Australia,2.12396E+12,2026
13,MEX,Mexico,2.12086E+12,2026
14,ESP,Spain,2.09122E+12,2026
15,KOR,"Korea, Rep.",1.93101E+12,2026
16,TUR,Turkiye,1.64022E+12,2026
17,IDN,Indonesia,1.53987E+12,2026
18,NLD,Netherlands,1.4497E+12,2026
19,SAU,Saudi Arabia,1.38868E+12,2026
20,CHE,Switzerland,1.14691E+12,2026
21,POL,Poland,1.13425E+12,2026
22,IRL,Ireland,7.79381E+11,2026
23,BEL,Belgium,7.7673E+11,2026
24,SWE,Sweden,7.60481E+11,2026
25,ISR,Israel,7.19848E+11,2026
26,ARG,Argentina,6.88378E+11,2026
27,SGP,Singapore,6.59572E+11,2026
28,AUT,Austria,6.23719E+11,2026
29,ARE,United Arab Emirates,6.21546E+11,2026
30,NOR,Norway,5.99406E+11,2026
31,THA,Thailand,5.79996E+11,2026
32,COL,Colombia,5.3953E+11,2026
33,VNM,Viet Nam,5.27266E+11,2026
34,MYS,Malaysia,5.16428E+11,2026
35,PHL,Philippines,5.12222E+11,2026
36,BGD,Bangladesh,5.10705E+11,2026
37,DNK,Denmark,5.03772E+11,2026
38,ROU,Romania,4.80834E+11,2026
39,ZAF,South Africa,4.79964E+11,2026
40,HKG,"Hong Kong SAR, China",4.50138E+11,2026
41,CZE,Czechia,4.32597E+11,2026
42,EGY,"Egypt, Arab Rep.",4.29645E+11,2026
43,CHL,Chile,4.0785E+11,2026
44,PAK,Pakistan,4.07786E+11,2025
45,PER,Peru,3.809E+11,2026
46,PRT,Portugal,3.80637E+11,2026
47,NGA,Nigeria,3.77365E+11,2026
48,KAZ,Kazakhstan,3.60456E+11,2026
49,FIN,Finland,3.37669E+11,2026
50,DZA,Algeria,3.17173E+11,2026
51,GRC,Greece,3.07554E+11,2026
52,IRN,"Iran, Islamic Rep.",3.00293E+11,2026
53,NZL,New Zealand,2.78636E+11,2026
54,HUN,Hungary,2.71122E+11,2026
55,IRQ,Iraq,2.64784E+11,2026
56,UKR,Ukraine,2.25337E+11,2026
57,QAT,Qatar,2.17416E+11,2026
58,MAR,Morocco,1.94333E+11,2026
59,UZB,Uzbekistan,1.81502E+11,2026
60,KWT,Kuwait,1.7292E+11,2026
61,SVK,Slovak Republic,1.68897E+11,2026
62,AGO,Angola,1.52354E+11,2026
63,BGR,Bulgaria,1.48121E+11,2026
64,KEN,Kenya,1.47265E+11,2026
65,ECU,Ecuador,1.38194E+11,2026
66,DOM,Dominican Republic,1.36148E+11,2026
67,PRI,Puerto Rico (US),1.29012E+11,2026
68,GTM,Guatemala,1.28886E+11,2026
69,COD,"Congo, Dem. Rep.",1.23406E+11,2026
70,ETH,Ethiopia,1.21527E+11,2026
71,GHA,Ghana,1.18293E+11,2026
72,OMN,Oman,1.17176E+11,2026
73,HRV,Croatia,1.16574E+11,2026
74,CIV,Cote d'Ivoire,1.12115E+11,2026
75,SRB,Serbia,1.12025E+11,2026
76,VEN,"Venezuela, RB",1.11303E+11,2026
77,LUX,Luxembourg,1.10417E+11,2026
78,CRI,Costa Rica,1.09931E+11,2026
79,LTU,Lithuania,1.05907E+11,2026
80,BLR,Belarus,1.02042E+11,2026
81,LKA,Sri Lanka,98964000000,2024
82,URY,Uruguay,96092000000,2026
83,PAN,Panama,95024000000,2026
84,TZA,Tanzania,94889000000,2026
85,SVN,Slovenia,86732000000,2026
86,MMR,Myanmar,83832000000,2026
87,TKM,Turkmenistan,83065000000,2026
88,BOL,Bolivia,80743000000,2026
89,AZE,Azerbaijan,78372000000,2026
90,UGA,Uganda,73370000000,2026
91,CMR,Cameroon,65135000000,2026
92,JOR,Jordan,64909000000,2026
93,TUN,Tunisia,60745000000,2026
94,PRY,Paraguay,60542000000,2026
95,ZWE,Zimbabwe,56713000000,2026
96,MAC,"Macao SAR, China",54228000000,2026
97,LVA,Latvia,53686000000,2026
98,LBY,Libya,52453000000,2026
99,KHM,Cambodia,52379000000,2026
100,EST,Estonia,51634000000,2026
101,BHR,Bahrain,48849000000,2026
102,NPL,Nepal,45844000000,2026
103,CYP,Cyprus,45171000000,2026
104,SDN,Sudan,44688000000,2026
105,ISL,Iceland,43800000000,2026
106,GEO,Georgia,42716000000,2026
107,HND,Honduras,41505000000,2026
108,ZMB,Zambia,41243000000,2026
109,SEN,Senegal,40469000000,2026
110,SLV,El Salvador,39838000000,2026
111,HTI,Haiti,39180000000,2026
112,BIH,Bosnia and Herzegovina,36771000000,2026
113,LBN,Lebanon,34497000000,2025
114,PNG,Papua New Guinea,34403000000,2026
115,GUY,Guyana,33961000000,2026
116,MLI,Mali,33847000000,2026
117,ALB,Albania,33333000000,2026
118,BFA,Burkina Faso,32513000000,2026
119,ARM,Armenia,31873000000,2026
120,MLT,Malta,30712000000,2026
121,GIN,Guinea,29930000000,2026
122,MNG,Mongolia,28450000000,2026
123,BEN,Benin,27786000000,2026
124,TTO,Trinidad and Tobago,26836000000,2026
125,TCD,Chad,25628000000,2026
126,NER,Niger,24813000000,2026
127,NIC,Nicaragua,24227000000,2026
128,KGZ,Kyrgyz Republic,23606000000,2026
129,GAB,Gabon,23363000000,2026
130,MOZ,Mozambique,23275000000,2026
131,JAM,Jamaica,23028000000,2026
132,BWA,Botswana,21937000000,2026
133,MDA,Moldova,21889000000,2026
134,MKD,North Macedonia,21605000000,2026
135,MDG,Madagascar,21185000000,2026
136,TJK,Tajikistan,20418000000,2026
137,AFG,Afghanistan,19662000000,2025
138,LAO,Lao PDR,18959000000,2026
139,MWI,Malawi,18152000000,2026
140,RWA,Rwanda,17336000000,2026
141,NAM,Namibia,17314000000,2026
142,MUS,Mauritius,17119000000,2026
143,BHS,"Bahamas, The",17042000000,2026
144,COG,"Congo, Rep.",17028000000,2026
145,BRN,Brunei Darussalam,16863000000,2026
146,MRT,Mauritania,14352000000,2026
147,SOM,"Somalia, Fed. Rep.",14174000000,2026
148,GNQ,Equatorial Guinea,13722000000,2026
149,TGO,Togo,13437000000,2026
150,MNE,Montenegro,10227000000,2026
151,LIE,Liechtenstein,9442000000,2026
152,BRB,Barbados,8483000000,2026
153,SLE,Sierra Leone,8270000000,2026
154,BDI,Burundi,8137000000,2026
155,MDV,Maldives,8130000000,2026
156,YEM,"Yemen, Rep.",7435000000,2026
157,FJI,Fiji,6352000000,2026
158,SSD,South Sudan,6069000000,2026
159,SUR,Suriname,5908000000,2026
160,SWZ,Eswatini,5792000000,2026
161,LBR,Liberia,5642000000,2026
162,AND,Andorra,4879000000,2026
163,DJI,Djibouti,4725000000,2026
164,ABW,Aruba,4671000000,2026
165,BTN,Bhutan,3856000000,2026
166,CAF,Central African Republic,3492000000,2026
167,BLZ,Belize,3450000000,2026
168,CPV,Cabo Verde,3448000000,2026
169,GNB,Guinea-Bissau,2985000000,2026
170,LSO,Lesotho,2972000000,2026
171,GMB,"Gambia, The",2792000000,2026
172,LCA,St. Lucia,2765000000,2026
173,SMR,San Marino,2417000000,2026
174,ATG,Antigua and Barbuda,2385000000,2026
175,SYC,Seychelles,2251000000,2026
176,TLS,Timor-Leste,2170000000,2026
177,SLB,Solomon Islands,1836000000,2026
178,COM,Comoros,1814000000,2026
179,GRD,Grenada,1483000000,2026
180,VUT,Vanuatu,1396000000,2026
181,WSM,Samoa,1376000000,2026
182,VCT,St. Vincent and the Grenadines,1236000000,2026
183,STP,Sao Tome and Principe,1161000000,2026
184,KNA,St. Kitts and Nevis,1143000000,2026
185,DMA,Dominica,791000000,2026
186,TON,Tonga,716000000,2026
187,FSM,"Micronesia, Fed. Sts.",521000000,2026
188,KIR,Kiribati,401000000,2026
189,PLW,Palau,377000000,2026
190,MHL,Marshall Islands,342000000,2026
191,NRU,Naoero,196000000,2026
192,TUV,Tuvalu,65000000,2026
