Tour,Start Date,End Date,Album,Song
Fearless Tour,4/23/2009,7/10/2010,Taylor Swift,Our Song
Fearless Tour,4/23/2009,7/10/2010,Taylor Swift,Teardrops on My Guitar
Fearless Tour,4/23/2009,7/10/2010,Taylor Swift,Tim McGraw
Fearless Tour,4/23/2009,7/10/2010,Taylor Swift,Picture to Burn
Fearless Tour,4/23/2009,7/10/2010,Taylor Swift,I'm Only Me When I'm with You
Fearless Tour,4/23/2009,7/10/2010,Taylor Swift,Should've Said No
Fearless Tour,4/23/2009,7/10/2010,Fearless,Fearless
Fearless Tour,4/23/2009,7/10/2010,Fearless,Forever & Always
Fearless Tour,4/23/2009,7/10/2010,Fearless,Hey Stephen
Fearless Tour,4/23/2009,7/10/2010,Fearless,Fifteen
Fearless Tour,4/23/2009,7/10/2010,Fearless,White Horse
Fearless Tour,4/23/2009,7/10/2010,Fearless,Love Story
Fearless Tour,4/23/2009,7/10/2010,Fearless,The Way I Loved You
Fearless Tour,4/23/2009,7/10/2010,Fearless,You're Not Sorry
Fearless Tour,4/23/2009,7/10/2010,Fearless,Change
Fearless Tour,4/23/2009,7/10/2010,Fearless,You Belong with Me
Fearless Tour,4/23/2009,7/10/2010,Fearless,Tell Me Why
Speak Now Tour,2/9/2011,3/18/2012,Taylor Swift,Our Song
Speak Now Tour,2/9/2011,3/18/2012,Fearless,Fearless
Speak Now Tour,2/9/2011,3/18/2012,Fearless,You Belong with Me
Speak Now Tour,2/9/2011,3/18/2012,Fearless,Fifteen
Speak Now Tour,2/9/2011,3/18/2012,Fearless,Love Story
Speak Now Tour,2/9/2011,3/18/2012,Speak Now,Sparks Fly
Speak Now Tour,2/9/2011,3/18/2012,Speak Now,Mine
Speak Now Tour,2/9/2011,3/18/2012,Speak Now,The Story of Us
Speak Now Tour,2/9/2011,3/18/2012,Speak Now,Mean
Speak Now Tour,2/9/2011,3/18/2012,Speak Now,Back to December
Speak Now Tour,2/9/2011,3/18/2012,Speak Now,Better than Revenge
Speak Now Tour,2/9/2011,3/18/2012,Speak Now,Speak Now
Speak Now Tour,2/9/2011,3/18/2012,Speak Now,Last Kiss
Speak Now Tour,2/9/2011,3/18/2012,Speak Now,Dear John
Speak Now Tour,2/9/2011,3/18/2012,Speak Now,Enchanted
Speak Now Tour,2/9/2011,3/18/2012,Speak Now,Haunted
Speak Now Tour,2/9/2011,3/18/2012,Speak Now,Long Live
The Red Tour,2/9/2011,3/18/2012,Fearless,You Belong with Me
The Red Tour,3/13/2013,6/12/2014,Fearless,Love Story
The Red Tour,3/13/2013,6/12/2014,Speak Now,Mean
The Red Tour,3/13/2013,6/12/2014,Speak Now,Sparks Fly
The Red Tour,3/13/2013,6/12/2014,Red,State of Grace
The Red Tour,3/13/2013,6/12/2014,Red,Holy Ground
The Red Tour,3/13/2013,6/12/2014,Red,Red
The Red Tour,3/13/2013,6/12/2014,Red,The Lucky One
The Red Tour,3/13/2013,6/12/2014,Red,Stay Stay Stay
The Red Tour,3/13/2013,6/12/2014,Red,22
The Red Tour,3/13/2013,6/12/2014,Red,I Almost Do
The Red Tour,3/13/2013,6/12/2014,Red,Everything Has Changed
The Red Tour,3/13/2013,6/12/2014,Red,Begin Again
The Red Tour,3/13/2013,6/12/2014,Red,I Knew You Were Trouble
The Red Tour,3/13/2013,6/12/2014,Red,All Too Well
The Red Tour,3/13/2013,6/12/2014,Red,Treacherous
The Red Tour,3/13/2013,6/12/2014,Red,We Are Never Ever Getting Back Together
The 1989 Tour,5/5/2015,12/12/2015,Fearless,Love Story
The 1989 Tour,5/5/2015,12/12/2015,Speak Now,Enchanted
The 1989 Tour,5/5/2015,12/12/2015,Red,I Knew You Were Trouble
The 1989 Tour,5/5/2015,12/12/2015,Red,We Are Never Ever Getting Back Together
The 1989 Tour,5/5/2015,12/12/2015,1989,Welcome To New York
The 1989 Tour,5/5/2015,12/12/2015,1989,New Romantics
The 1989 Tour,5/5/2015,12/12/2015,1989,Blank Space
The 1989 Tour,5/5/2015,12/12/2015,1989,I Wish You Would
The 1989 Tour,5/5/2015,12/12/2015,1989,How You Get the Girl
The 1989 Tour,5/5/2015,12/12/2015,1989,I Know Places
The 1989 Tour,5/5/2015,12/12/2015,1989,All You Had to Do Was Stay
The 1989 Tour,5/5/2015,12/12/2015,1989,Clean
The 1989 Tour,5/5/2015,12/12/2015,1989,Style
The 1989 Tour,5/5/2015,12/12/2015,1989,This Love
The 1989 Tour,5/5/2015,12/12/2015,1989,Bad Blood
The 1989 Tour,5/5/2015,12/12/2015,1989,Wildest Dreams
The 1989 Tour,5/5/2015,12/12/2015,1989,Out of the Woods
The 1989 Tour,5/5/2015,12/12/2015,1989,Shake It Off
Reputation Tour,5/8/2018,11/21/2018,Taylor Swift,Should've Said No
Reputation Tour,5/8/2018,11/21/2018,Fearless,Love Story
Reputation Tour,5/8/2018,11/21/2018,Fearless,You Belong with Me
Reputation Tour,5/8/2018,11/21/2018,Speak Now,Long Live
Reputation Tour,5/8/2018,11/21/2018,Red,We Are Never Ever Getting Back Together
Reputation Tour,5/8/2018,11/21/2018,1989,Style
Reputation Tour,5/8/2018,11/21/2018,1989,Shake It Off
Reputation Tour,5/8/2018,11/21/2018,1989,Blank Space
Reputation Tour,5/8/2018,11/21/2018,1989,Bad Blood
Reputation Tour,5/8/2018,11/21/2018,Reputation,...Ready for It?
Reputation Tour,5/8/2018,11/21/2018,Reputation,I Did Something Bad
Reputation Tour,5/8/2018,11/21/2018,Reputation,Gorgeous
Reputation Tour,5/8/2018,11/21/2018,Reputation,Look What You Made Me Do
Reputation Tour,5/8/2018,11/21/2018,Reputation,End Game
Reputation Tour,5/8/2018,11/21/2018,Reputation,King of My Heart
Reputation Tour,5/8/2018,11/21/2018,Reputation,Delicate
Reputation Tour,5/8/2018,11/21/2018,Reputation,Dancing with Our Hands Tied
Reputation Tour,5/8/2018,11/21/2018,Reputation,Dress
Reputation Tour,5/8/2018,11/21/2018,Reputation,Don't Blame Me
Reputation Tour,5/8/2018,11/21/2018,Reputation,New Year's Day
Reputation Tour,5/8/2018,11/21/2018,Reputation,Getaway Car
Reputation Tour,5/8/2018,11/21/2018,Reputation,Call It What You Want
Reputation Tour,5/8/2018,11/21/2018,Reputation,This Is Why We Can't Have Nice Things
The Eras Tour,3/17/2023,12/8/2024,Fearless,Fearless
The Eras Tour,3/17/2023,12/8/2024,Fearless,You Belong with Me
The Eras Tour,3/17/2023,12/8/2024,Fearless,Love Story
The Eras Tour,3/17/2023,12/8/2024,Speak Now,Enchanted
The Eras Tour,3/17/2023,12/8/2024,Red,22
The Eras Tour,3/17/2023,12/8/2024,Red,We Are Never Ever Getting Back Together
The Eras Tour,3/17/2023,12/8/2024,Red,I Knew You Were Trouble
The Eras Tour,3/17/2023,12/8/2024,Red,All Too Well (10 Minute Version)
The Eras Tour,3/17/2023,12/8/2024,1989,Style
The Eras Tour,3/17/2023,12/8/2024,1989,Blank Space
The Eras Tour,3/17/2023,12/8/2024,1989,Shake It Off
The Eras Tour,3/17/2023,12/8/2024,1989,Wildest Dreams
The Eras Tour,3/17/2023,12/8/2024,1989,Bad Blood
The Eras Tour,3/17/2023,12/8/2024,Reputation,...Ready for It?
The Eras Tour,3/17/2023,12/8/2024,Reputation,Delicate
The Eras Tour,3/17/2023,12/8/2024,Reputation,Don't Blame Me
The Eras Tour,3/17/2023,12/8/2024,Reputation,Look What You Made Me Do
The Eras Tour,3/17/2023,12/8/2024,Lover,Miss Americana & the Heartbreak Prince
The Eras Tour,3/17/2023,12/8/2024,Lover,Cruel Summer
The Eras Tour,3/17/2023,12/8/2024,Lover,The Man
The Eras Tour,3/17/2023,12/8/2024,Lover,You Need to Calm Down
The Eras Tour,3/17/2023,12/8/2024,Lover,Lover
The Eras Tour,3/17/2023,12/8/2024,Lover,The Archer
The Eras Tour,3/17/2023,12/8/2024,Folklore,Seven (spoken interlude)
The Eras Tour,3/17/2023,12/8/2024,Folklore,Invisible String
The Eras Tour,3/17/2023,12/8/2024,Folklore,Betty
The Eras Tour,3/17/2023,12/8/2024,Folklore,The Last Great American Dynasty
The Eras Tour,3/17/2023,12/8/2024,Folklore,August
The Eras Tour,3/17/2023,12/8/2024,Folklore,Illicit Affairs
The Eras Tour,3/17/2023,12/8/2024,Folklore,My Tears Ricochet
The Eras Tour,3/17/2023,12/8/2024,Folklore,Cardigan
The Eras Tour,3/17/2023,12/8/2024,Evermore,Tis the Damn Season
The Eras Tour,3/17/2023,12/8/2024,Evermore,Willow
The Eras Tour,3/17/2023,12/8/2024,Evermore,Marjorie
The Eras Tour,3/17/2023,12/8/2024,Evermore,Champagne Problems
The Eras Tour,3/17/2023,12/8/2024,Evermore,Tolerate It
The Eras Tour,3/17/2023,12/8/2024,Midnights,Lavender Haze
The Eras Tour,3/17/2023,12/8/2024,Midnights,Anti-Hero
The Eras Tour,3/17/2023,12/8/2024,Midnights,Midnight Rain
The Eras Tour,3/17/2023,12/8/2024,Midnights,Vigilante Shit
The Eras Tour,3/17/2023,12/8/2024,Midnights,Bejeweled
The Eras Tour,3/17/2023,12/8/2024,Midnights,Mastermind
The Eras Tour,3/17/2023,12/8/2024,Midnights,Karma
